"word","freq"
"dream",871
"dreams",254
"one",249
"wish",158
"psychic",156
"may",140
"can",139
"unconscious",128
"must",123
"work",119
"thoughts",117
"content",114
"day",103
"sleep",99
"analysis",97
"now",97
"will",93
"first",92
"life",91
"also",89
"project",87
"thus",82
"another",78
"thought",78
"consciousness",76
"sexual",75
"two",74
"upon",73
"state",69
"however",67
"process",63
"time",61
"interpretation",60
"way",60
"like",59
"foreconscious",58
"part",58
"even",57
"processes",57
"second",57
"system",57
"without",57
"activity",56
"gutenbergtm",56
"just",56
"found",55
"child",54
"connection",54
"psychical",54
"apparatus",53
"made",52
"nothing",52
"place",52
"certain",50
"fact",50
"perception",50
"course",48
"many",48
"wishes",47
"new",46
"form",45
"ideas",45
"shall",45
"excitement",44
"little",44
"order",44
"matter",42
"quite",42
"therefore",42
"always",41
"formation",41
"mental",41
"conscious",40
"every",40
"find",40
"means",40
"much",40
"pain",40
"patient",40
"theory",40
"case",39
"expression",39
"meaning",39
"use",39
"become",38
"far",38
"idea",38
"make",38
"material",38
"waking",38
"anxiety",37
"night",37
"something",37
"take",37
"works",37
"left",36
"see",36
"already",35
"psychology",35
"still",35
"wishfulfillment",35
"becomes",34
"energy",34
"forec",34
"man",34
"dreamer",33
"know",33
"memory",33
"mother",33
"person",33
"unc",33
"desire",32
"friend",32
"never",32
"repressed",32
"displacement",31
"explanation",31
"infantile",31
"might",31
"attention",30
"father",30
"gutenberg",30
"often",30
"really",30
"repression",30
"taken",30
"nature",29
"point",29
"well",29
"condensation",28
"give",28
"possible",28
"electronic",27
"hand",27
"indeed",27
"question",27
"say",27
"scene",27
"subject",27
"whole",27
"foundation",26
"husband",26
"hysterical",26
"persons",26
"probably",26
"seems",26
"young",26
"different",25
"experience",25
"following",25
"influence",25
"long",25
"others",25
"terms",25
"view",25
"years",25
"able",24
"among",24
"brought",24
"censor",24
"common",24
"example",24
"fear",24
"frequently",24
"indifferent",24
"normal",24
"relation",24
"relations",24
"significance",24
"sleeping",24
"suppressed",24
"though",24
"used",24
"yet",24
"according",23
"boy",23
"elements",23
"knowledge",23
"latter",23
"occupation",23
"psychological",23
"sense",23
"sensory",23
"shows",23
"treatment",23
"cases",22
"children",22
"forces",22
"full",22
"genital",22
"girl",22
"house",22
"later",22
"manifest",22
"motive",22
"reason",22
"right",22
"symptoms",22
"whose",22
"appear",21
"discharge",21
"free",21
"freud",21
"great",21
"impression",21
"individual",21
"instance",21
"longer",21
"moreover",21
"origin",21
"power",21
"secondary",21
"systems",21
"takes",21
"think",21
"act",20
"correct",20
"days",20
"either",20
"kind",20
"latent",20
"let",20
"present",20
"real",20
"states",20
"symbolism",20
"symbols",20
"towards",20
"transformation",20
"true",20
"agreement",19
"associations",19
"character",19
"come",19
"dreamt",19
"dreamwork",19
"general",19
"get",19
"necessary",19
"number",19
"primary",19
"principle",19
"remain",19
"show",19
"table",19
"three",19
"whether",19
"assume",18
"complicated",18
"examples",18
"feeling",18
"given",18
"important",18
"intensity",18
"manner",18
"mind",18
"pictures",18
"presentation",18
"reality",18
"realization",18
"said",18
"seem",18
"things",18
"transference",18
"account",17
"almost",17
"anything",17
"appears",17
"call",17
"complete",17
"conception",17
"continue",17
"former",17
"function",17
"picture",17
"play",17
"recent",17
"regard",17
"result",17
"seen",17
"series",17
"set",17
"similar",17
"soon",17
"thinking",17
"together",17
"within",17
"woman",17
"words",17
"world",17
"alone",16
"brother",16
"change",16
"conditions",16
"desires",16
"development",16
"element",16
"emotions",16
"follows",16
"formed",16
"fulfillment",16
"group",16
"impressions",16
"interest",16
"known",16
"lady",16
"leads",16
"literary",16
"naturally",16
"need",16
"occur",16
"parts",16
"perhaps",16
"pleasure",16
"problem",16
"purpose",16
"rather",16
"relationship",16
"replaced",16
"small",16
"source",16
"symbol",16
"value",16
"water",16
"attack",15
"away",15
"back",15
"connected",15
"donations",15
"effect",15
"end",15
"entirely",15
"especially",15
"expressed",15
"feelings",15
"female",15
"instead",15
"license",15
"particular",15
"patients",15
"produced",15
"remnants",15
"represented",15
"structure",15
"study",15
"symptom",15
"whilst",15
"word",15
"active",14
"capable",14
"changes",14
"class",14
"elaboration",14
"emotional",14
"everything",14
"finally",14
"follow",14
"future",14
"genitals",14
"going",14
"hence",14
"home",14
"last",14
"motility",14
"next",14
"painful",14
"parents",14
"path",14
"peculiar",14
"period",14
"physician",14
"position",14
"realized",14
"remains",14
"representation",14
"stimulus",14
"understanding",14
"viz",14
"access",13
"actual",13
"agree",13
"although",13
"archive",13
"asked",13
"bed",13
"behind",13
"believe",13
"called",13
"came",13
"compromise",13
"consideration",13
"copy",13
"copyright",13
"done",13
"dreamwish",13
"ever",13
"forced",13
"gives",13
"good",13
"gratification",13
"learn",13
"least",13
"makes",13
"merely",13
"neuroses",13
"occurred",13
"public",13
"recognized",13
"remember",13
"shown",13
"side",13
"situation",13
"special",13
"told",13
"adults",12
"allowed",12
"awakening",12
"became",12
"disagreeable",12
"easily",12
"experiences",12
"formations",12
"freuds",12
"greater",12
"heard",12
"inhibition",12
"investigation",12
"keep",12
"moment",12
"name",12
"neurotic",12
"ones",12
"organ",12
"original",12
"paths",12
"people",12
"phantasy",12
"presentations",12
"problems",12
"qualities",12
"readily",12
"recognize",12
"regression",12
"regularly",12
"represent",12
"results",12
"says",12
"short",12
"since",12
"stairs",12
"sum",12
"sure",12
"tell",12
"wife",12
"abandoned",11
"action",11
"actually",11
"admit",11
"associated",11
"avoid",11
"based",11
"bound",11
"censorship",11
"certainly",11
"coitus",11
"company",11
"concerning",11
"conclusion",11
"conclusions",11
"contrary",11
"discovered",11
"dreaming",11
"ebook",11
"entire",11
"external",11
"eyes",11
"half",11
"hat",11
"hysteria",11
"identity",11
"including",11
"information",11
"interpreted",11
"invariably",11
"large",11
"light",11
"likewise",11
"lying",11
"male",11
"obscure",11
"occurrence",11
"originates",11
"outer",11
"paragraph",11
"played",11
"produce",11
"prove",11
"put",11
"seemed",11
"several",11
"single",11
"speech",11
"stimuli",11
"stream",11
"took",11
"unable",11
"united",11
"want",11
"wants",11
"year",11
"apparently",10
"appearance",10
"ask",10
"attributed",10
"awakened",10
"beginning",10
"cause",10
"clear",10
"clearly",10
"condition",10
"contradiction",10
"death",10
"demonstrated",10
"dhôte",10
"discussion",10
"doubt",10
"dreamers",10
"due",10
"easy",10
"effort",10
"else",10
"established",10
"explained",10
"factor",10
"familiar",10
"forth",10
"fulfilled",10
"generally",10
"immediately",10
"incapable",10
"inner",10
"intellectual",10
"kreuzers",10
"language",10
"learned",10
"less",10
"love",10
"medical",10
"mentioned",10
"motives",10
"motor",10
"object",10
"opinion",10
"perfectly",10
"procedure",10
"professor",10
"psychoanalysis",10
"quality",10
"received",10
"refund",10
"return",10
"slight",10
"strange",10
"subsequently",10
"support",10
"times",10
"trademark",10
"understand",10
"unfulfilled",10
"unless",10
"unpleasant",10
"answer",9
"assumption",9
"attempt",9
"becoming",9
"belong",9
"beyond",9
"box",9
"claim",9
"concerned",9
"cover",9
"demonstrate",9
"described",9
"difficult",9
"direct",9
"directed",9
"disposal",9
"distortion",9
"distribution",9
"domain",9
"essential",9
"events",9
"followed",9
"force",9
"front",9
"fully",9
"goethe",9
"harmless",9
"head",9
"identification",9
"impossible",9
"internal",9
"justified",9
"laws",9
"led",9
"maintain",9
"mechanism",9
"meet",9
"memories",9
"numerous",9
"objection",9
"old",9
"opportunity",9
"opposite",9
"organs",9
"originate",9
"otherwise",9
"points",9
"previous",9
"proper",9
"properly",9
"read",9
"recollection",9
"rejected",9
"remark",9
"reminiscences",9
"road",9
"rule",9
"saw",9
"scenes",9
"sex",9
"simply",9
"somewhat",9
"sort",9
"speak",9
"stairway",9
"strong",9
"suffice",9
"toward",9
"train",9
"unknown",9
"whatever",9
"withdrawn",9
"abnormal",8
"add",8
"added",8
"assertion",8
"avoided",8
"aware",8
"behavior",8
"belongs",8
"better",8
"birth",8
"born",8
"brings",8
"changed",8
"childhood",8
"compelled",8
"complex",8
"considered",8
"contents",8
"continues",8
"cost",8
"country",8
"dead",8
"definite",8
"description",8
"difference",8
"dominating",8
"domination",8
"draw",8
"dread",8
"enough",8
"evening",8
"event",8
"excitation",8
"explain",8
"fee",8
"giving",8
"help",8
"highly",8
"hitherto",8
"image",8
"inclined",8
"indispensable",8
"intercourse",8
"intricate",8
"mean",8
"men",8
"money",8
"morbid",8
"nevertheless",8
"notice",8
"objects",8
"observation",8
"observations",8
"obvious",8
"obviously",8
"occasion",8
"open",8
"opposition",8
"originally",8
"otto",8
"paid",8
"penetrate",8
"permission",8
"phenomena",8
"physical",8
"portion",8
"possess",8
"prepared",8
"previously",8
"proceeds",8
"produces",8
"repeatedly",8
"reported",8
"requirements",8
"revealed",8
"run",8
"saying",8
"section",8
"shaft",8
"simple",8
"solution",8
"spinach",8
"subjected",8
"substitute",8
"sufficiently",8
"suppression",8
"thereby",8
"transferred",8
"turn",8
"type",8
"views",8
"ways",8
"whence",8
"whenever",8
"worry",8
"wrong",8
"absurd",7
"absurdity",7
"acknowledge",7
"activities",7
"advantage",7
"affairs",7
"age",7
"aid",7
"allow",7
"allusion",7
"amount",7
"arising",7
"arose",7
"aroused",7
"association",7
"beautiful",7
"begins",7
"body",7
"book",7
"bring",7
"care",7
"caviare",7
"charge",7
"chief",7
"closely",7
"comply",7
"conceive",7
"consider",7
"consists",7
"contains",7
"contradictory",7
"copies",7
"corresponds",7
"daily",7
"daughter",7
"denied",7
"derived",7
"detail",7
"direction",7
"distributing",7
"dramatization",7
"early",7
"ebooks",7
"efforts",7
"entered",7
"essay",7
"exactly",7
"excitations",7
"existence",7
"expenditure",7
"extent",7
"extraordinary",7
"felt",7
"figures",7
"finds",7
"forms",7
"furnish",7
"gave",7
"health",7
"held",7
"hold",7
"importance",7
"intelligible",7
"intended",7
"intensities",7
"intimate",7
"knows",7
"lead",7
"leading",7
"limited",7
"marked",7
"married",7
"mention",7
"method",7
"morning",7
"namely",7
"near",7
"nervous",7
"occupied",7
"owing",7
"penetration",7
"perceptions",7
"permitted",7
"phantasies",7
"placed",7
"primitive",7
"provide",7
"regarded",7
"reminiscence",7
"repetition",7
"replacement",7
"resort",7
"rise",7
"school",7
"sentence",7
"serve",7
"showed",7
"sources",7
"subjects",7
"suddenly",7
"surely",7
"task",7
"tax",7
"thing",7
"third",7
"trouble",7
"truth",7
"turned",7
"unimportant",7
"visual",7
"web",7
"absent",6
"absolutely",6
"acceptance",6
"accessible",6
"acts",6
"adapted",6
"admitted",6
"advance",6
"affect",6
"ago",6
"analyzed",6
"answered",6
"attitude",6
"author",6
"awake",6
"circumstances",6
"collection",6
"comes",6
"comparison",6
"concealed",6
"conceptions",6
"confirmed",6
"cons",6
"contact",6
"continuation",6
"continued",6
"contradictions",6
"contrast",6
"create",6
"creating",6
"deal",6
"deeply",6
"designate",6
"desired",6
"details",6
"discovery",6
"distinct",6
"distinctly",6
"distribute",6
"distributed",6
"disturb",6
"ego",6
"english",6
"erotic",6
"establish",6
"evident",6
"excited",6
"exist",6
"expect",6
"expected",6
"expedient",6
"explains",6
"express",6
"facts",6
"family",6
"fancies",6
"fancy",6
"fathers",6
"feel",6
"formula",6
"fragment",6
"friends",6
"furnished",6
"getting",6
"goes",6
"got",6
"greatest",6
"groups",6
"guardian",6
"hallucinatory",6
"happens",6
"hardly",6
"incorrect",6
"independent",6
"infrequently",6
"intense",6
"introduction",6
"judgment",6
"keeping",6
"key",6
"laid",6
"leave",6
"links",6
"locality",6
"logical",6
"making",6
"manifold",6
"medium",6
"member",6
"mixed",6
"mobile",6
"mode",6
"modes",6
"nearly",6
"occurs",6
"offered",6
"online",6
"operation",6
"operations",6
"philosophers",6
"phobia",6
"piece",6
"powerful",6
"practice",6
"preliminary",6
"proceed",6
"psychoneuroses",6
"psychoneurotic",6
"purely",6
"pursue",6
"puts",6
"reasons",6
"recalled",6
"receive",6
"refer",6
"refuse",6
"remained",6
"remarkable",6
"remarked",6
"repeat",6
"repeated",6
"replace",6
"represents",6
"reproduction",6
"required",6
"respect",6
"rest",6
"rules",6
"salmon",6
"secondly",6
"sees",6
"sensation",6
"separate",6
"signifies",6
"signs",6
"sister",6
"stands",6
"statements",6
"stekel",6
"step",6
"stood",6
"street",6
"struck",6
"stuff",6
"succeeds",6
"sufficient",6
"summer",6
"surprised",6
"throughout",6
"trace",6
"traced",6
"transparent",6
"usual",6
"visit",6
"volunteers",6
"went",6
"wished",6
"wishfulfillments",6
"wishing",6
"women",6
"wont",6
"working",6
"written",6
"accept",5
"accepted",5
"addition",5
"adjustment",5
"analogous",5
"ancient",5
"anyone",5
"anywhere",5
"apparent",5
"apply",5
"approach",5
"arises",5
"arrangement",5
"arrive",5
"aside",5
"asserted",5
"assistance",5
"assuming",5
"attached",5
"attempted",5
"available",5
"awaken",5
"awakens",5
"awoke",5
"began",5
"belief",5
"best",5
"big",5
"business",5
"capacity",5
"carried",5
"causes",5
"cerebral",5
"chain",5
"changing",5
"chapter",5
"check",5
"choose",5
"claims",5
"climbing",5
"coming",5
"compatible",5
"compliance",5
"components",5
"consequence",5
"consequently",5
"constitutes",5
"construction",5
"contain",5
"conversation",5
"conviction",5
"copied",5
"created",5
"defective",5
"delicate",5
"demands",5
"depends",5
"determination",5
"develop",5
"devoid",5
"die",5
"directly",5
"discloses",5
"disease",5
"distorted",5
"disturbance",5
"disturbances",5
"dont",5
"dormant",5
"dreamed",5
"earth",5
"elsewhere",5
"emanating",5
"emotion",5
"emperor",5
"emphasize",5
"employed",5
"empty",5
"endpresentation",5
"essentially",5
"except",5
"excitements",5
"exciting",5
"exerted",5
"exists",5
"exposition",5
"façade",5
"factors",5
"failed",5
"fairly",5
"feature",5
"figure",5
"firmly",5
"fixed",5
"freely",5
"frequent",5
"gained",5
"gone",5
"hanging",5
"happy",5
"human",5
"hypothesis",5
"images",5
"impulse",5
"impulses",5
"inasmuch",5
"indestructible",5
"inhibited",5
"insight",5
"instances",5
"insufficient",5
"intelligent",5
"interrupted",5
"learnt",5
"linked",5
"located",5
"look",5
"loved",5
"lower",5
"main",5
"mainly",5
"manifestations",5
"masturbation",5
"meaningless",5
"meeting",5
"met",5
"methods",5
"middle",5
"mine",5
"modified",5
"motion",5
"mountain",5
"moved",5
"movement",5
"mrs",5
"needs",5
"neither",5
"nocturnal",5
"note",5
"noticed",5
"objective",5
"obtained",5
"occasionally",5
"offer",5
"offers",5
"office",5
"outlet",5
"owner",5
"particularly",5
"parturition",5
"party",5
"passage",5
"peculiarities",5
"perceived",5
"phrase",5
"places",5
"please",5
"popular",5
"possibility",5
"possibly",5
"posted",5
"prefer",5
"presents",5
"pressure",5
"probable",5
"procedures",5
"proved",5
"puberty",5
"reach",5
"reached",5
"reaction",5
"reading",5
"ready",5
"recall",5
"recently",5
"recognition",5
"referred",5
"region",5
"regret",5
"reject",5
"related",5
"reminded",5
"removed",5
"rendered",5
"replacing",5
"require",5
"requires",5
"resistance",5
"room",5
"running",5
"scientific",5
"seek",5
"seemingly",5
"select",5
"serious",5
"serves",5
"service",5
"sphere",5
"strive",5
"structures",5
"student",5
"success",5
"suffering",5
"superfluous",5
"supper",5
"surprise",5
"surprising",5
"suspected",5
"symbolically",5
"tells",5
"term",5
"termed",5
"theater",5
"theoretical",5
"threatened",5
"transformed",5
"translated",5
"treat",5
"uncle",5
"understood",5
"unintelligible",5
"unsolved",5
"using",5
"variations",5
"whereas",5
"window",5
"wishfeelings",5
"yielded",5
"younger",5
"abandon",4
"accompanied",4
"accomplished",4
"accumulation",4
"actions",4
"additional",4
"admissible",4
"adult",4
"affection",4
"affective",4
"aims",4
"altogether",4
"amid",4
"amyl",4
"answering",4
"appropriate",4
"around",4
"arrived",4
"art",4
"ascribed",4
"asks",4
"asleep",4
"assertions",4
"attacked",4
"attained",4
"attraction",4
"authorities",4
"begin",4
"belonging",4
"bisexually",4
"bizarre",4
"bodily",4
"brain",4
"cab",4
"calculation",4
"calling",4
"capitalist",4
"carrying",4
"center",4
"certainty",4
"chains",4
"characteristic",4
"checkerboard",4
"close",4
"colleague",4
"community",4
"completely",4
"composite",4
"composition",4
"compression",4
"concealment",4
"conceived",4
"concern",4
"conclude",4
"connecting",4
"connections",4
"considerations",4
"constituent",4
"constitute",4
"contempt",4
"contributions",4
"control",4
"copying",4
"correspond",4
"corresponded",4
"counter",4
"crime",4
"dachstein",4
"damages",4
"danger",4
"data",4
"deep",4
"degree",4
"des",4
"designated",4
"deviation",4
"difficulty",4
"disagreement",4
"disappeared",4
"discharged",4
"discover",4
"disfigurement",4
"disguise",4
"disguised",4
"dish",4
"displaying",4
"disturber",4
"dominate",4
"drawn",4
"drive",4
"earlier",4
"eating",4
"editions",4
"eleven",4
"elise",4
"email",4
"encounter",4
"endowed",4
"episode",4
"equivalent",4
"establishment",4
"evidence",4
"exclusively",4
"existing",4
"expectation",4
"explanations",4
"expresses",4
"expressing",4
"face",4
"fatigue",4
"favor",4
"fees",4
"feminine",4
"fifty",4
"fire",4
"firstly",4
"florin",4
"florins",4
"foreign",4
"forgotten",4
"format",4
"foundations",4
"freedom",4
"fresh",4
"fundamental",4
"für",4
"furnishes",4
"gathered",4
"glad",4
"goethes",4
"granted",4
"ground",4
"guard",4
"guidance",4
"halfpast",4
"hallucinations",4
"happened",4
"history",4
"holder",4
"holding",4
"honor",4
"hope",4
"hundred",4
"identical",4
"identify",4
"ill",4
"illness",4
"imitation",4
"incited",4
"included",4
"includes",4
"incoherent",4
"indebted",4
"indicated",4
"indistinct",4
"infanticide",4
"influences",4
"innervation",4
"intelligibility",4
"interesting",4
"interests",4
"introduced",4
"investigate",4
"issue",4
"justly",4
"killed",4
"kinds",4
"knew",4
"leaving",4
"legal",4
"legs",4
"letter",4
"liberation",4
"libido",4
"lies",4
"line",4
"lipps",4
"looked",4
"looks",4
"lost",4
"magnesium",4
"manifestation",4
"marriage",4
"mastery",4
"minds",4
"mission",4
"modern",4
"mythology",4
"necessarily",4
"normally",4
"noticeable",4
"obliged",4
"observed",4
"obtain",4
"occupy",4
"occurrences",4
"occurring",4
"onanism",4
"opened",4
"organic",4
"originating",4
"outside",4
"participate",4
"passed",4
"pathological",4
"peculiarity",4
"performed",4
"personal",4
"pieces",4
"plan",4
"policeman",4
"pollution",4
"portions",4
"possession",4
"practical",4
"pregnancy",4
"prepare",4
"presented",4
"prevented",4
"proceeding",4
"pronounced",4
"proof",4
"proposition",4
"propyl",4
"provided",4
"providing",4
"provoked",4
"provokes",4
"psychoanalytic",4
"psychopathological",4
"psychotherapy",4
"published",4
"qualitative",4
"quantities",4
"quantity",4
"reaching",4
"reader",4
"recalls",4
"reference",4
"referring",4
"refers",4
"regressive",4
"reinforcement",4
"rejection",4
"remaining",4
"remembered",4
"remove",4
"render",4
"replaces",4
"representing",4
"reproaches",4
"responsible",4
"rests",4
"reveal",4
"revival",4
"revived",4
"riddle",4
"rôle",4
"sake",4
"satisfied",4
"scheme",4
"scherner",4
"secret",4
"selected",4
"send",4
"sending",4
"sensible",4
"sent",4
"served",4
"sexually",4
"sight",4
"sigmund",4
"simultaneously",4
"site",4
"sitting",4
"sleeper",4
"smoked",4
"socalled",4
"speaking",4
"spontaneous",4
"start",4
"statement",4
"status",4
"stop",4
"story",4
"strict",4
"strives",4
"struggle",4
"subordinate",4
"succeed",4
"successful",4
"succession",4
"suggestions",4
"supplies",4
"suppose",4
"surface",4
"suspect",4
"symbolic",4
"taking",4
"temporal",4
"tendency",4
"thinks",4
"thirty",4
"tickets",4
"till",4
"today",4
"track",4
"transfer",4
"treated",4
"trivial",4
"try",4
"trying",4
"ultimately",4
"unchanged",4
"undergone",4
"undertaken",4
"unfinished",4
"urged",4
"usually",4
"vagina",4
"validity",4
"various",4
"vienna",4
"virtue",4
"walk",4
"walking",4
"walls",4
"wishdreams",4
"wit",4
"yes",4
"accomplishes",3
"accordance",3
"acquaintance",3
"acquired",3
"additions",3
"admits",3
"affair",3
"affects",3
"afraid",3
"agoraphobia",3
"agrees",3
"air",3
"along",3
"alteration",3
"analogy",3
"ancients",3
"anxious",3
"apart",3
"applicable",3
"application",3
"arise",3
"arisen",3
"artist",3
"assert",3
"asserts",3
"assigned",3
"assumptions",3
"assurance",3
"attract",3
"authors",3
"automatically",3
"bad",3
"balloon",3
"basis",3
"bathers",3
"bear",3
"begged",3
"beginners",3
"begun",3
"behaves",3
"beside",3
"besides",3
"biological",3
"blood",3
"breach",3
"break",3
"breaks",3
"bringing",3
"broke",3
"broken",3
"butcher",3
"calm",3
"capital",3
"careful",3
"carefully",3
"carry",3
"castration",3
"caused",3
"cease",3
"cessation",3
"characteristics",3
"charles",3
"cherries",3
"chiefly",3
"childish",3
"childrens",3
"childs",3
"chronological",3
"church",3
"circle",3
"classes",3
"cleared",3
"clearness",3
"closed",3
"closer",3
"cognizance",3
"coherent",3
"coition",3
"combination",3
"comical",3
"commonly",3
"compare",3
"compared",3
"comparisons",3
"complaint",3
"complying",3
"conceal",3
"concept",3
"concert",3
"conduct",3
"confirm",3
"conflict",3
"confronted",3
"connect",3
"consist",3
"constant",3
"contained",3
"continually",3
"continuance",3
"continuously",3
"contractor",3
"contribute",3
"contribution",3
"conversion",3
"convinced",3
"corresponding",3
"cortical",3
"court",3
"creates",3
"creation",3
"credit",3
"critical",3
"criticism",3
"curious",3
"current",3
"cut",3
"cycle",3
"damage",3
"date",3
"dealing",3
"deals",3
"dear",3
"decided",3
"deduction",3
"defect",3
"definition",3
"denial",3
"derivative",3
"deserving",3
"determined",3
"developed",3
"devoted",3
"died",3
"diet",3
"differentiation",3
"directions",3
"disclaimer",3
"disclosed",3
"discoveries",3
"discussed",3
"diseases",3
"disguises",3
"displaced",3
"displacements",3
"distant",3
"distinguish",3
"distortions",3
"disturbed",3
"disturbing",3
"diverse",3
"diversity",3
"divided",3
"donate",3
"double",3
"downwards",3
"dreamcontent",3
"duty",3
"eat",3
"edition",3
"educated",3
"effected",3
"eight",3
"eitheror",3
"elder",3
"emphasis",3
"enable",3
"enabled",3
"enjoy",3
"entity",3
"entrepreneur",3
"equal",3
"equipment",3
"essence",3
"etc",3
"ethical",3
"exact",3
"examination",3
"examine",3
"exception",3
"exercise",3
"expectations",3
"expenses",3
"experienced",3
"extreme",3
"extremely",3
"falling",3
"farfetched",3
"farreaching",3
"fat",3
"favorable",3
"favorite",3
"features",3
"feels",3
"feet",3
"field",3
"fill",3
"filled",3
"final",3
"fit",3
"flight",3
"flow",3
"fly",3
"flying",3
"forbidden",3
"foregoing",3
"forgetting",3
"formulated",3
"frequency",3
"fulfilling",3
"fulfillments",3
"functions",3
"gain",3
"gaps",3
"german",3
"glass",3
"gleam",3
"grasp",3
"habit",3
"hallucination",3
"hands",3
"happen",3
"harmful",3
"healthy",3
"hear",3
"heavy",3
"helped",3
"henceforth",3
"higher",3
"hit",3
"hospital",3
"hours",3
"hurry",3
"identifies",3
"ignorance",3
"illustrations",3
"impatience",3
"inaccessible",3
"incident",3
"include",3
"income",3
"incomprehensible",3
"increase",3
"indicate",3
"indicates",3
"indirect",3
"induced",3
"inhibit",3
"innocent",3
"instruction",3
"instructive",3
"interior",3
"interpretations",3
"interpreting",3
"inversion",3
"investigations",3
"investigator",3
"involved",3
"isolated",3
"journal",3
"journey",3
"kept",3
"king",3
"knees",3
"lack",3
"landscapes",3
"late",3
"lecture",3
"liability",3
"libidinous",3
"likeness",3
"limit",3
"limitation",3
"linguistic",3
"maintained",3
"maintaining",3
"manifested",3
"masculine",3
"masochistic",3
"members",3
"miss",3
"model",3
"modification",3
"months",3
"moral",3
"motherinlaw",3
"mothers",3
"mountains",3
"moving",3
"mysterious",3
"narrow",3
"nearer",3
"needed",3
"neglected",3
"none",3
"novel",3
"obscurity",3
"observe",3
"observers",3
"obsessions",3
"official",3
"operates",3
"oppose",3
"organism",3
"ottos",3
"page",3
"painter",3
"paragraphs",3
"pass",3
"past",3
"pay",3
"paying",3
"payments",3
"peculiarly",3
"perceive",3
"perceptible",3
"perfect",3
"perform",3
"performances",3
"performing",3
"plain",3
"playing",3
"postulate",3
"powers",3
"predominance",3
"preparation",3
"presence",3
"principal",3
"printed",3
"product",3
"production",3
"progress",3
"prolong",3
"protect",3
"protection",3
"psychoses",3
"psystem",3
"punishment",3
"queen",3
"questioning",3
"quickly",3
"railroad",3
"raised",3
"raises",3
"rank",3
"rapid",3
"rate",3
"reaches",3
"receives",3
"reception",3
"references",3
"regarding",3
"regulation",3
"relate",3
"relatives",3
"relief",3
"relieves",3
"remarks",3
"remote",3
"removes",3
"rendezvous",3
"request",3
"resembles",3
"reserved",3
"resistances",3
"restrict",3
"resulting",3
"retained",3
"retention",3
"reveals",3
"revolutionary",3
"rid",3
"rotunda",3
"round",3
"royalty",3
"sadistic",3
"satisfy",3
"sea",3
"securing",3
"seized",3
"seldom",3
"selection",3
"sensations",3
"senseless",3
"seriousminded",3
"sexes",3
"share",3
"shared",3
"shortly",3
"sides",3
"sign",3
"significant",3
"signify",3
"smaller",3
"smooth",3
"sole",3
"solved",3
"somatic",3
"soul",3
"sound",3
"space",3
"spaces",3
"spread",3
"stage",3
"stand",3
"stated",3
"steps",3
"streams",3
"strike",3
"strikes",3
"strongly",3
"substitution",3
"succeeded",3
"suffer",3
"suffered",3
"suitable",3
"superficial",3
"supplied",3
"supply",3
"supposition",3
"surplus",3
"sway",3
"syllogism",3
"synthesis",3
"talk",3
"taste",3
"taxi",3
"technique",3
"temptation",3
"tempted",3
"territory",3
"theories",3
"thesis",3
"thirdly",3
"thirst",3
"thorough",3
"thoroughly",3
"tin",3
"transition",3
"transposed",3
"tried",3
"trip",3
"turns",3
"typical",3
"underlying",3
"undivided",3
"unfamiliar",3
"unity",3
"unnoticed",3
"unrealized",3
"unusual",3
"upwards",3
"user",3
"utilize",3
"veiled",3
"verbal",3
"verified",3
"violence",3
"violent",3
"voluntary",3
"vomiting",3
"wake",3
"wanting",3
"warranties",3
"weakness",3
"weapons",3
"wellknown",3
"wet",3
"whatsoever",3
"wherever",3
"white",3
"widest",3
"wishfeeling",3
"withdraw",3
"withheld",3
"witty",3
"womans",3
"womb",3
"writing",3
"wwwgutenbergnet",3
"yesterday",3
"york",3
"abel",2
"abundance",2
"abundant",2
"academic",2
"acceptable",2
"accepting",2
"accidental",2
"accompanying",2
"accomplish",2
"accomplishing",2
"accomplishment",2
"accord",2
"acquaintances",2
"address",2
"addresses",2
"adduce",2
"adhere",2
"adler",2
"admitting",2
"affected",2
"afternoon",2
"afterwards",2
"agent",2
"aim",2
"albert",2
"alert",2
"allowing",2
"allows",2
"allusions",2
"alterations",2
"alternative",2
"ample",2
"anæmia",2
"analogies",2
"analytical",2
"analyze",2
"analyzing",2
"anatomy",2
"andré",2
"anew",2
"anger",2
"announced",2
"answers",2
"antagonistic",2
"anticipated",2
"anticipates",2
"antitheses",2
"appeared",2
"applied",2
"applies",2
"approximate",2
"apt",2
"archaic",2
"argument",2
"arm",2
"arouse",2
"arrested",2
"artificial",2
"artistic",2
"ascii",2
"ascribe",2
"ascribes",2
"associative",2
"assured",2
"assuring",2
"attain",2
"attribute",2
"aux",2
"backside",2
"basket",2
"beaks",2
"bears",2
"beautifully",2
"behave",2
"bellowing",2
"beloved",2
"bench",2
"bent",2
"betray",2
"betraying",2
"birds",2
"birthday",2
"bisexuality",2
"bit",2
"bitter",2
"blank",2
"board",2
"bobbing",2
"bond",2
"borrow",2
"borrowed",2
"bottom",2
"boys",2
"briefest",2
"brill",2
"broadly",2
"brothers",2
"büchse",2
"build",2
"building",2
"built",2
"burned",2
"cant",2
"capability",2
"captive",2
"car",2
"caressing",2
"casual",2
"causing",2
"central",2
"cest",2
"cette",2
"chamber",2
"channels",2
"charted",2
"cheap",2
"checked",2
"cheerful",2
"chemist",2
"choice",2
"chose",2
"circulation",2
"cite",2
"city",2
"coffin",2
"colleagues",2
"combine",2
"command",2
"commercial",2
"communication",2
"comparable",2
"comparative",2
"complained",2
"complication",2
"component",2
"composed",2
"compositions",2
"comprehensibility",2
"comprehensible",2
"compressed",2
"compromises",2
"computer",2
"computers",2
"concluded",2
"concluding",2
"condensations",2
"confess",2
"confirmation",2
"conscientious",2
"consciousnessreality",2
"consequent",2
"considerable",2
"considerably",2
"consisting",2
"consonance",2
"conspicuous",2
"conspicuously",2
"constellations",2
"consultation",2
"containing",2
"continuing",2
"continuous",2
"contradict",2
"contributed",2
"contributes",2
"controversy",2
"convenience",2
"convert",2
"converted",2
"cook",2
"coöperation",2
"core",2
"corpse",2
"correctly",2
"correctness",2
"correlate",2
"correlated",2
"corroborate",2
"costs",2
"countenance",2
"counterpart",2
"courting",2
"covering",2
"cravats",2
"craving",2
"creations",2
"creative",2
"creature",2
"cried",2
"critic",2
"crossing",2
"crude",2
"cure",2
"cures",2
"dagger",2
"dare",2
"dark",2
"david",2
"dearly",2
"decades",2
"deceived",2
"decide",2
"decisive",2
"decline",2
"deductions",2
"deem",2
"defensive",2
"demand",2
"demanded",2
"demoniacal",2
"demonstrable",2
"den",2
"denote",2
"denotes",2
"deny",2
"departure",2
"depreciation",2
"deprived",2
"der",2
"derogatory",2
"describe",2
"deserves",2
"design",2
"designation",2
"despite",2
"destroy",2
"detention",2
"determinations",2
"developing",2
"deviate",2
"devil",2
"devious",2
"differing",2
"difficulties",2
"diffused",2
"digressions",2
"diminishing",2
"diminution",2
"dinnerparty",2
"directress",2
"disadvantage",2
"disappears",2
"disbursement",2
"discomfort",2
"disconnected",2
"discontinue",2
"discovering",2
"discussions",2
"display",2
"displayed",2
"disregard",2
"dissatisfied",2
"distinguished",2
"doctor",2
"dominates",2
"doors",2
"downward",2
"drawing",2
"dreamdisfigurement",2
"dreamthe",2
"dressed",2
"driven",2
"duration",2
"dying",2
"dynamic",2
"dynamically",2
"earliest",2
"echo",2
"educational",2
"efficacy",2
"eighteen",2
"elaborate",2
"elaborated",2
"electronically",2
"elongated",2
"embody",2
"emphasized",2
"employees",2
"empress",2
"enacted",2
"encountered",2
"endpresentations",2
"ends",2
"energies",2
"enfeeblement",2
"engaged",2
"enlightenment",2
"enter",2
"entering",2
"entirety",2
"entrance",2
"equally",2
"erect",2
"erection",2
"error",2
"escape",2
"essays",2
"esteem",2
"estimate",2
"estimation",2
"evoked",2
"exaggerated",2
"examined",2
"excitable",2
"exclamation",2
"exclude",2
"exclusion",2
"exclusive",2
"excuse",2
"executed",2
"exempt",2
"exercised",2
"exercises",2
"exert",2
"exhaust",2
"exhausted",2
"exhaustively",2
"exhibit",2
"exhibited",2
"existed",2
"expecting",2
"expediency",2
"expend",2
"expense",2
"experiment",2
"experimentally",2
"experiments",2
"explicable",2
"explorers",2
"expressive",2
"extends",2
"extensive",2
"faculties",2
"faculty",2
"fail",2
"fait",2
"faithfully",2
"fall",2
"falls",2
"falsification",2
"fashioned",2
"fast",2
"fathom",2
"fault",2
"federal",2
"fellow",2
"fiancé",2
"fiction",2
"fields",2
"fifteen",2
"file",2
"files",2
"financial",2
"finding",2
"fine",2
"fingers",2
"finished",2
"firm",2
"five",2
"flood",2
"floor",2
"flows",2
"fluctuating",2
"foetus",2
"folklore",2
"food",2
"forest",2
"forgetfulness",2
"forgo",2
"formal",2
"formats",2
"forming",2
"fortress",2
"forward",2
"four",2
"fragmentary",2
"fragments",2
"freeing",2
"freewill",2
"freudian",2
"freudism",2
"fro",2
"functional",2
"futility",2
"gegensinn",2
"generalization",2
"generations",2
"germ",2
"gets",2
"ghosts",2
"glance",2
"goblet",2
"gold",2
"governing",2
"gradual",2
"gradus",2
"grass",2
"grew",2
"grounded",2
"grounds",2
"grown",2
"grownup",2
"grudges",2
"guessed",2
"guilt",2
"handed",2
"hang",2
"hard",2
"hart",2
"hast",2
"heads",2
"heedless",2
"height",2
"hellers",2
"helps",2
"heroes",2
"hide",2
"high",2
"hints",2
"historical",2
"holds",2
"homage",2
"homosexual",2
"hour",2
"household",2
"httppglaforg",2
"httpwwwgutenbergnet",2
"hunger",2
"ideation",2
"identified",2
"iii",2
"illusion",2
"illustration",2
"imagination",2
"immediate",2
"immortal",2
"impel",2
"impelled",2
"imperfectly",2
"implied",2
"imposed",2
"impress",2
"improbable",2
"improvement",2
"incite",2
"incitement",2
"incitements",2
"incomplete",2
"indifference",2
"indirectly",2
"infection",2
"informed",2
"injection",2
"injury",2
"innumerable",2
"inoffensive",2
"inquiry",2
"insane",2
"insisted",2
"inspirations",2
"inspired",2
"instant",2
"instrument",2
"intensely",2
"intentionally",2
"intentions",2
"intermediate",2
"interpolations",2
"interpret",2
"interpreter",2
"interprets",2
"interweave",2
"interweaving",2
"invent",2
"invention",2
"invitations",2
"invite",2
"isnt",2
"james",2
"jealous",2
"jealousy",2
"joel",2
"joined",2
"justifiable",2
"keeps",2
"knee",2
"kosten",2
"lake",2
"land",2
"landscape",2
"larger",2
"lasting",2
"lastnamed",2
"law",2
"lean",2
"learns",2
"lenau",2
"level",2
"liberty",2
"lido",2
"lieu",2
"likely",2
"link",2
"lions",2
"literature",2
"localities",2
"locations",2
"lodged",2
"logically",2
"longing",2
"loose",2
"machine",2
"magnitude",2
"majority",2
"mans",2
"matrimony",2
"matters",2
"mccann",2
"meant",2
"meanwhile",2
"mechanical",2
"medley",2
"michael",2
"minimum",2
"misled",2
"missing",2
"misunderstood",2
"modelling",2
"momentary",2
"momentous",2
"mood",2
"moon",2
"mostly",2
"moves",2
"necessity",2
"negligence",2
"neurosis",2
"newman",2
"news",2
"nocturnus",2
"noise",2
"nomenclature",2
"noted",2
"notions",2
"nous",2
"nowhere",2
"nursery",2
"obscurities",2
"obsession",2
"obstacle",2
"obtaining",2
"obtains",2
"occasions",2
"occupies",2
"occupying",2
"oedipus",2
"offering",2
"older",2
"omitted",2
"oneself",2
"onset",2
"openly",2
"operative",2
"ordinarily",2
"originated",2
"outbreak",2
"outflow",2
"overcome",2
"overcoming",2
"overlooked",2
"overoccupation",2
"overwhelming",2
"owed",2
"owns",2
"palaces",2
"pale",2
"paper",2
"parallel",2
"paralysis",2
"paralytic",2
"paralyzed",2
"parent",2
"partly",2
"passable",2
"passages",2
"passes",2
"passing",2
"pavor",2
"peak",2
"peasant",2
"penetrating",2
"penis",2
"perfection",2
"permit",2
"permits",2
"perversion",2
"phase",2
"phenomenon",2
"phenyl",2
"philosophy",2
"phobias",2
"physicians",2
"piano",2
"pick",2
"pieced",2
"plainly",2
"platform",2
"plausible",2
"plays",2
"pleasant",2
"pleased",2
"poets",2
"pointed",2
"polished",2
"positively",2
"possessed",2
"possessing",2
"practically",2
"practices",2
"praise",2
"precedence",2
"preceding",2
"preclude",2
"preference",2
"pregnant",2
"presenting",2
"preserve",2
"preserves",2
"pretty",2
"prevent",2
"prevention",2
"principles",2
"print",2
"priori",2
"processregression",2
"productions",2
"products",2
"profession",2
"profit",2
"progressive",2
"projection",2
"prominent",2
"prominently",2
"promise",2
"promised",2
"promoting",2
"proofreading",2
"property",2
"propyloea",2
"psychoanalyse",2
"psychologists",2
"pugnacious",2
"pun",2
"punished",2
"punitive",2
"pure",2
"purposes",2
"pursuit",2
"pushes",2
"puzzle",2
"quantitative",2
"que",2
"qui",2
"quick",2
"quickening",2
"quote",2
"raise",2
"rarely",2
"rays",2
"readable",2
"readers",2
"readiest",2
"realizations",2
"realize",2
"reappearance",2
"recapitulate",2
"receipt",2
"reckoned",2
"recognizes",2
"reconcile",2
"record",2
"redistributing",2
"redistribution",2
"refinement",2
"reflection",2
"reflex",2
"refound",2
"refused",2
"refuted",2
"regardless",2
"registered",2
"regular",2
"regulated",2
"regulating",2
"regulations",2
"regulator",2
"reinforced",2
"reinforces",2
"rejecting",2
"relates",2
"relative",2
"release",2
"relinquished",2
"reminds",2
"removal",2
"rendering",2
"renders",2
"repeats",2
"reports",2
"representations",2
"repressions",2
"reproduce",2
"reproduced",2
"requested",2
"requiring",2
"research",2
"resembling",2
"resignation",2
"resolution",2
"restore",2
"restricted",2
"restriction",2
"restrictions",2
"resume",2
"retain",2
"retrogression",2
"returned",2
"returning",2
"reuse",2
"reversed",2
"revives",2
"rhinoceros",2
"riddles",2
"ride",2
"rightly",2
"robbers",2
"roberts",2
"roman",2
"royalties",2
"sans",2
"satisfies",2
"satisfying",2
"save",2
"scarcely",2
"scattered",2
"schlosberg",2
"scientists",2
"scorn",2
"scrotum",2
"scythe",2
"search",2
"secrecy",2
"secure",2
"secured",2
"selfcriticism",2
"selfevident",2
"selfish",2
"sends",2
"senseful",2
"senses",2
"separated",2
"separation",2
"servantgirl",2
"serving",2
"sexuality",2
"shape",2
"sheet",2
"sickle",2
"similarly",2
"simpler",2
"sisters",2
"sit",2
"sixty",2
"sixtyfive",2
"skull",2
"sleeps",2
"slightly",2
"slips",2
"slumber",2
"soft",2
"sojourn",2
"solely",2
"solicit",2
"solicitude",2
"somewhere",2
"sought",2
"specified",2
"speeches",2
"spending",2
"spent",2
"spheres",2
"spirit",2
"spiritual",2
"spite",2
"spoken",2
"spot",2
"staircase",2
"stairhouse",2
"stalls",2
"standpoint",2
"starting",2
"startingpoint",2
"stately",2
"store",2
"stored",2
"strangely",2
"stranger",2
"strangers",2
"strength",2
"strengthening",2
"stress",2
"striking",2
"striving",2
"struggled",2
"studies",2
"subsequent",2
"subtle",2
"successfully",2
"succumbs",2
"suggestion",2
"superior",2
"suppers",2
"supposed",2
"suppress",2
"surfaces",2
"surname",2
"suspicion",2
"swimmingbath",2
"symbolical",2
"symbolizes",2
"sympathy",2
"tables",2
"tall",2
"teacher",2
"teaches",2
"team",2
"teased",2
"teleological",2
"telephone",2
"telescope",2
"ten",2
"tendencies",2
"tentative",2
"terminated",2
"terminates",2
"termination",2
"test",2
"text",2
"thanks",2
"theme",2
"therapeutic",2
"thicker",2
"thin",2
"thou",2
"thousands",2
"thread",2
"threads",2
"threats",2
"throw",2
"throwing",2
"thrown",2
"ticket",2
"tomb",2
"tongue",2
"top",2
"tophat",2
"torn",2
"totally",2
"touched",2
"traces",2
"tracts",2
"trains",2
"transferring",2
"transfers",2
"transformations",2
"translator",2
"transvaluation",2
"travel",2
"traveling",2
"treatise",2
"trend",2
"trick",2
"tridon",2
"tries",2
"trifles",2
"troublesome",2
"truly",2
"twentyone",2
"twofold",2
"types",2
"ueber",2
"unalterable",2
"unavoidable",2
"uncertainty",2
"uncomfortable",2
"undecided",2
"undergo",2
"undertaking",2
"underwent",2
"undisturbed",2
"undoubted",2
"unexpected",2
"unexplained",2
"unfavorable",2
"unhesitatingly",2
"unite",2
"universal",2
"universally",2
"unmistakably",2
"unnecessary",2
"unravelled",2
"unscientific",2
"useless",2
"utilization",2
"utilized",2
"vagueness",2
"vain",2
"values",2
"vanilla",2
"varied",2
"variety",2
"vast",2
"victims",2
"viennese",2
"viewing",2
"viewpoint",2
"vii",2
"viii",2
"violently",2
"visions",2
"visitor",2
"visitors",2
"visually",2
"void",2
"vulgar",2
"wagon",2
"wait",2
"waiting",2
"warrant",2
"warranty",2
"washing",2
"watching",2
"weary",2
"weeks",2
"wholly",2
"widely",2
"willing",2
"wise",2
"wishdream",2
"withdraws",2
"witnessed",2
"woke",2
"wording",2
"worked",2
"worried",2
"worth",2
"worthless",2
"youthful",2
"zentralblatt",2
"zeus",2
"abandonment",1
"abbreviated",1
"abdomen",1
"abels",1
"abide",1
"ability",1
"abnormalities",1
"abnormally",1
"abolish",1
"abortion",1
"abraham",1
"abscess",1
"absence",1
"absoluteness",1
"absorbing",1
"abstainer",1
"abstinence",1
"abstracted",1
"abundantly",1
"abused",1
"accelerated",1
"accepts",1
"accessed",1
"accident",1
"accidentally",1
"accommodates",1
"accompanies",1
"accompany",1
"accorded",1
"accords",1
"accounts",1
"accumulated",1
"accurate",1
"acheronta",1
"achieve",1
"achieved",1
"achievementsat",1
"achilles",1
"acknowledged",1
"acquainted",1
"acquire",1
"activityin",1
"activityone",1
"actsjudgments",1
"actuality",1
"actuated",1
"actuating",1
"acute",1
"adapt",1
"adaptation",1
"adding",1
"adds",1
"adduced",1
"adept",1
"adhered",1
"adjacent",1
"adjoining",1
"adjust",1
"adlers",1
"admiration",1
"admixture",1
"ado",1
"adonis",1
"adultsfor",1
"advanced",1
"advances",1
"advantageous",1
"advent",1
"adventure",1
"adverse",1
"advisable",1
"advised",1
"ætiology",1
"afford",1
"affording",1
"affords",1
"afresh",1
"aged",1
"ages",1
"aggressive",1
"agitate",1
"agitation",1
"agoraphobic",1
"agreeable",1
"agreed",1
"agreementis",1
"agriculture",1
"ailments",1
"aimless",1
"airship",1
"akin",1
"alive",1
"alland",1
"allegories",1
"alleviate",1
"alliance",1
"alliances",1
"allotmentadmits",1
"allovershadowing",1
"allowance",1
"allpowerful",1
"alludes",1
"altered",1
"alternate",1
"alternatives",1
"amalgamated",1
"amazement",1
"ambiguity",1
"american",1
"amidst",1
"amiss",1
"amniotic",1
"amongst",1
"amounts",1
"amusing",1
"analyses",1
"analysisthe",1
"analytic",1
"analyzes",1
"andstill",1
"anecdote",1
"animal",1
"animals",1
"annihilation",1
"announcing",1
"annunciation",1
"answerable",1
"antagonism",1
"antedating",1
"anticipations",1
"antipathy",1
"antiquated",1
"antique",1
"anxiously",1
"appearing",1
"appendix",1
"applause",1
"applying",1
"apprehending",1
"approaching",1
"appropriation",1
"approve",1
"approximation",1
"aprons",1
"apyrétiques",1
"arbitrary",1
"arduous",1
"aristotle",1
"armed",1
"arouses",1
"arousing",1
"arrange",1
"array",1
"arrayed",1
"arrow",1
"artemidoros",1
"artemidorus",1
"articles",1
"ascended",1
"ascent",1
"ascertained",1
"asexual",1
"asin",1
"asis",1
"aspect",1
"aspirations",1
"assemblage",1
"assiduously",1
"assimilated",1
"assisted",1
"associate",1
"assure",1
"astonishing",1
"astride",1
"asylums",1
"atmosphere",1
"atone",1
"attachment",1
"attainment",1
"attempting",1
"attempts",1
"attendant",1
"attending",1
"attire",1
"attracted",1
"attracting",1
"attractive",1
"attracts",1
"attributable",1
"audience",1
"auer",1
"auers",1
"aunt",1
"austria",1
"authoritative",1
"authority",1
"authorized",1
"autistic",1
"autistically",1
"autodidaskerconversation",1
"automatic",1
"automatisms",1
"auxiliaries",1
"auxiliary",1
"avail",1
"avaricious",1
"avenue",1
"avenues",1
"average",1
"avons",1
"awaking",1
"awayyou",1
"awhile",1
"awkward",1
"bacchus",1
"background",1
"backgrounds",1
"badly",1
"bag",1
"baggage",1
"balance",1
"baldwin",1
"band",1
"banished",1
"banister",1
"bare",1
"barely",1
"bargain",1
"baron",1
"barriers",1
"barristers",1
"bars",1
"basedows",1
"bashful",1
"bath",1
"bathroom",1
"bearings",1
"beat",1
"beating",1
"beauty",1
"bedecked",1
"bedwetting",1
"beg",1
"begotten",1
"behaved",1
"behaving",1
"beheld",1
"behest",1
"beings",1
"believable",1
"believed",1
"believes",1
"believing",1
"belonged",1
"benches",1
"bending",1
"berlin",1
"bernheim",1
"beseeching",1
"bestir",1
"bestowed",1
"bethink",1
"betrayed",1
"betrays",1
"bewildering",1
"bewilderment",1
"bias",1
"bible",1
"bid",1
"bier",1
"bigfor",1
"bigness",1
"bigoted",1
"binary",1
"binz",1
"biographically",1
"biology",1
"births",1
"bits",1
"bitterly",1
"black",1
"blames",1
"blazed",1
"bled",1
"blended",1
"bleuler",1
"blinders",1
"blocked",1
"blossoms",1
"blows",1
"bluishblack",1
"boards",1
"boasted",1
"boat",1
"bobbed",1
"bodies",1
"bohemian",1
"bold",1
"bones",1
"books",1
"bookstore",1
"boot",1
"borderland",1
"borderlines",1
"bore",1
"boris",1
"borne",1
"borrowing",1
"bought",1
"boundary",1
"bounded",1
"bouquet",1
"bow",1
"bowing",1
"boxes",1
"boyhood",1
"breaking",1
"brevity",1
"bridges",1
"brothel",1
"brownish",1
"brushwood",1
"bueuer",1
"bundles",1
"burdach",1
"burden",1
"burdened",1
"burglars",1
"buried",1
"busiest",1
"businesspglaforg",1
"buttock",1
"buttocks",1
"buttons",1
"buying",1
"cabdriver",1
"cadre",1
"calculate",1
"calculated",1
"calculations",1
"calls",1
"camelias",1
"camellias",1
"camp",1
"campaign",1
"canal",1
"cancel",1
"candle",1
"candles",1
"capabilities",1
"capitalists",1
"capucines",1
"card",1
"cardinal",1
"cards",1
"carelessly",1
"carelessness",1
"cares",1
"carpet",1
"carriage",1
"carriers",1
"carries",1
"casea",1
"caskets",1
"castrated",1
"catalytic",1
"catch",1
"caterers",1
"causal",1
"ceased",1
"ceases",1
"cela",1
"celebrate",1
"cellar",1
"cérébrale",1
"cet",1
"chance",1
"chapelvagina",1
"characterizes",1
"characterizing",1
"characters",1
"charged",1
"charges",1
"charitable",1
"charities",1
"charm",1
"charming",1
"chased",1
"chastisement",1
"chastity",1
"chastitymary",1
"cheaper",1
"checkers",1
"checks",1
"cherished",1
"chest",1
"chests",1
"chieftain",1
"childdream",1
"childhoodscenes",1
"childless",1
"chopping",1
"chosen",1
"chronic",1
"chronologically",1
"cipher",1
"circuitous",1
"circumstance",1
"circumstantial",1
"cited",1
"citing",1
"citizen",1
"civilization",1
"civilized",1
"claimed",1
"clapping",1
"clarify",1
"classified",1
"clause",1
"clearer",1
"clearest",1
"clementis",1
"clever",1
"clew",1
"clews",1
"clinging",1
"cloak",1
"cloaks",1
"clods",1
"closest",1
"closets",1
"closing",1
"clue",1
"coalesce",1
"coarse",1
"codes",1
"cognate",1
"cohabitation",1
"coherence",1
"cohesion",1
"coincide",1
"coincides",1
"coire",1
"collapse",1
"collapsed",1
"collect",1
"collections",1
"color",1
"coma",1
"combatted",1
"combatting",1
"combinations",1
"combined",1
"comedy",1
"comforting",1
"commanded",1
"commands",1
"commence",1
"commencement",1
"commences",1
"commends",1
"comment",1
"commented",1
"commission",1
"commit",1
"committed",1
"commonest",1
"communicate",1
"communicated",1
"communications",1
"compact",1
"comparationis",1
"compel",1
"compelling",1
"compels",1
"compensation",1
"compilation",1
"compile",1
"complains",1
"completed",1
"complexes",1
"composes",1
"comprehension",1
"comprise",1
"compromisethis",1
"compulsion",1
"compulsory",1
"concatenation",1
"conceals",1
"conceded",1
"concentrate",1
"concentrating",1
"concerted",1
"concise",1
"conclusively",1
"concurred",1
"condenses",1
"conditionally",1
"condolence",1
"confessed",1
"confession",1
"confidential",1
"confine",1
"confined",1
"confinement",1
"conflicting",1
"confound",1
"confronts",1
"confused",1
"confusion",1
"congestion",1
"conquer",1
"consciously",1
"consciousnessor",1
"consent",1
"consenting",1
"consequences",1
"consequential",1
"conservatism",1
"conservative",1
"considering",1
"consisted",1
"consistent",1
"consorted",1
"constantly",1
"constituents",1
"constituted",1
"constitution",1
"constrained",1
"constraint",1
"construct",1
"constructed",1
"constructing",1
"construed",1
"consulted",1
"contemptuous",1
"contented",1
"contentthat",1
"contested",1
"context",1
"continuellement",1
"continuer",1
"continuity",1
"contour",1
"contours",1
"contract",1
"contradistinction",1
"contrasted",1
"contrasting",1
"contrives",1
"controls",1
"convenient",1
"converge",1
"conversations",1
"conveyance",1
"convincing",1
"convulsif",1
"convulsions",1
"coördinating",1
"cope",1
"cordial",1
"corners",1
"corporation",1
"correlates",1
"corroborated",1
"corrode",1
"corrupt",1
"costfree",1
"count",1
"countercurrent",1
"countered",1
"countries",1
"countryman",1
"courage",1
"courses",1
"courtcouncilor",1
"courtship",1
"courtyard",1
"covered",1
"cowering",1
"crabbed",1
"cracked",1
"crackle",1
"crank",1
"crassus",1
"cravat",1
"credible",1
"creep",1
"crew",1
"cries",1
"crines",1
"cross",1
"crowded",1
"crucible",1
"crudest",1
"cry",1
"crying",1
"crystallization",1
"crystallize",1
"culminates",1
"culmination",1
"culture",1
"curable",1
"curb",1
"currency",1
"customary",1
"customers",1
"cwhy",1
"daggers",1
"daldianus",1
"daldis",1
"damaged",1
"dame",1
"dampness",1
"dancing",1
"dans",1
"darkness",1
"dates",1
"dattner",1
"daughters",1
"daytime",1
"debacker",1
"debarred",1
"debt",1
"debtor",1
"decidedly",1
"decides",1
"deciding",1
"declaration",1
"declarations",1
"declare",1
"declines",1
"decomposition",1
"decrepitude",1
"deduce",1
"deductible",1
"deed",1
"deems",1
"deeper",1
"deeplying",1
"defects",1
"defence",1
"defended",1
"defer",1
"deference",1
"deferred",1
"define",1
"definitely",1
"defray",1
"degrees",1
"deities",1
"delage",1
"deletions",1
"deliberately",1
"delightful",1
"delinquency",1
"délires",1
"deliriums",1
"delivered",1
"delivery",1
"delusion",1
"demeanors",1
"demonic",1
"demonomania",1
"demonomaniacal",1
"demons",1
"demonstration",1
"demonstrations",1
"dense",1
"dental",1
"dentalirritation",1
"dentist",1
"department",1
"depend",1
"dependent",1
"depending",1
"depress",1
"depth",1
"depths",1
"deranged",1
"derangements",1
"deriding",1
"derive",1
"derives",1
"descendants",1
"describes",1
"describing",1
"descriptions",1
"deserve",1
"designed",1
"designs",1
"desirous",1
"destination",1
"destined",1
"destroyed",1
"destroys",1
"destructible",1
"destruction",1
"detach",1
"detached",1
"detachment",1
"deter",1
"determine",1
"determining",1
"detour",1
"detours",1
"developmental",1
"develops",1
"diagnosis",1
"diagram",1
"differ",1
"differences",1
"differentiated",1
"differently",1
"diffuses",1
"dilapidation",1
"diminish",1
"diminished",1
"dinanition",1
"dinnertable",1
"diomedes",1
"directing",1
"director",1
"directs",1
"disappear",1
"disbursed",1
"disc",1
"discarded",1
"discharging",1
"disclaim",1
"disclaimers",1
"discontinued",1
"discourage",1
"discouraged",1
"discoverable",1
"discovers",1
"discretion",1
"discretionary",1
"discuss",1
"discussionthe",1
"disdain",1
"diseaseat",1
"disfigured",1
"disgrace",1
"disgust",1
"dishes",1
"dishonest",1
"dishonesty",1
"disinterested",1
"disk",1
"dislike",1
"dismiss",1
"disorders",1
"disparate",1
"dispense",1
"displacementthat",1
"displays",1
"dispose",1
"disposed",1
"disposes",1
"disputedas",1
"disputing",1
"disregarding",1
"dissecting",1
"dissociated",1
"dissociation",1
"dissolve",1
"dissolved",1
"distance",1
"distinction",1
"distinctions",1
"distinctive",1
"distinctlythe",1
"distress",1
"distributor",1
"disturbers",1
"disturbs",1
"disuse",1
"diurnal",1
"divert",1
"divine",1
"doctors",1
"doctrine",1
"dogmas",1
"dominant",1
"donation",1
"donors",1
"door",1
"dortoir",1
"doublesided",1
"doubly",1
"doubting",1
"doubtless",1
"doubts",1
"downfall",1
"downloading",1
"downs",1
"downthe",1
"dowry",1
"drag",1
"drama",1
"drank",1
"drastically",1
"draws",1
"dreaded",1
"dreambook",1
"dreamimage",1
"dreamlife",1
"dreamof",1
"dreamplots",1
"dreamsa",1
"dreamsthese",1
"dreamthoughts",1
"dreamy",1
"dress",1
"dressing",1
"drinking",1
"drives",1
"driving",1
"drop",1
"dropped",1
"drove",1
"dugas",1
"duties",1
"dwarfs",1
"dwell",1
"ear",1
"eaten",1
"eats",1
"eberstein",1
"economic",1
"economical",1
"economy",1
"eder",1
"edge",1
"editor",1
"education",1
"efficacious",1
"efficiency",1
"effortsdreams",1
"eggs",1
"egoistic",1
"egyptian",1
"ehenot",1
"eighteenyearold",1
"eighth",1
"ein",1
"ejaculation",1
"elect",1
"elementary",1
"elevation",1
"eliminate",1
"elimination",1
"ellis",1
"elopement",1
"els",1
"elucidate",1
"eluded",1
"emanate",1
"emanates",1
"embarrassed",1
"embarrassment",1
"embodied",1
"embryo",1
"embryonal",1
"embryonic",1
"eminent",1
"emotiondeveloping",1
"emphasizes",1
"emphatically",1
"empirically",1
"employ",1
"employedie",1
"employee",1
"employing",1
"endeavor",1
"endeavored",1
"endeavors",1
"endeavorsusually",1
"ended",1
"endidentity",1
"ending",1
"endoccupation",1
"endow",1
"endows",1
"endresults",1
"endstream",1
"enemies",1
"enemy",1
"energetically",1
"energic",1
"enforce",1
"enforced",1
"enforcement",1
"engage",1
"engender",1
"england",1
"englishman",1
"enhanced",1
"enhancement",1
"enigmatical",1
"enlightening",1
"enormous",1
"ensues",1
"ensuring",1
"entail",1
"entangle",1
"entangles",1
"enterprise",1
"entertain",1
"enthusiastic",1
"entrepreneurs",1
"entrer",1
"entry",1
"enumeratedcontrol",1
"equalize",1
"equals",1
"equivalence",1
"erected",1
"erroneous",1
"erroneously",1
"errors",1
"escapades",1
"establishes",1
"establishing",1
"estate",1
"état",1
"ether",1
"etiological",1
"etiology",1
"être",1
"etudes",1
"etwas",1
"evanescence",1
"evasion",1
"eventually",1
"everyday",1
"evidential",1
"evidentially",1
"evidently",1
"evil",1
"evince",1
"evokes",1
"evolution",1
"evolved",1
"excellently",1
"exceptiona",1
"exchange",1
"exchanging",1
"excitant",1
"excite",1
"excitementfollowing",1
"exclaiming",1
"excluded",1
"exclusivelywith",1
"excursion",1
"excursions",1
"executive",1
"exercising",1
"exhausting",1
"exhaustion",1
"exhibits",1
"exigent",1
"exit",1
"exits",1
"expects",1
"expedition",1
"expended",1
"expensive",1
"experiencedwhich",1
"explaining",1
"explanationnamely",1
"explanatory",1
"explication",1
"explicit",1
"explosion",1
"exporting",1
"expose",1
"exposed",1
"expressions",1
"extend",1
"extended",1
"extending",1
"extols",1
"extraordinarius",1
"extravagant",1
"eye",1
"façades",1
"facial",1
"facilitated",1
"facilitates",1
"facility",1
"factthis",1
"fading",1
"fails",1
"fairbanks",1
"fairer",1
"faith",1
"falsifications",1
"familiarly",1
"fantastic",1
"fardistant",1
"fashion",1
"fasting",1
"fate",1
"fatherwhich",1
"fatter",1
"feasible",1
"feat",1
"feebleminded",1
"feelingsthat",1
"feigned",1
"feigning",1
"females",1
"fenêtre",1
"ferai",1
"ferenczi",1
"fetters",1
"fidgets",1
"fifteenyearold",1
"fighting",1
"figurative",1
"figuratively",1
"figuresdraped",1
"fills",1
"fin",1
"finality",1
"finer",1
"finest",1
"fireworks",1
"fists",1
"fitness",1
"fitted",1
"fitting",1
"fix",1
"fixation",1
"flagging",1
"flatly",1
"flattest",1
"flectere",1
"fleeting",1
"flew",1
"flights",1
"flowers",1
"flowerstalk",1
"fluctuatingly",1
"fois",1
"fold",1
"folded",1
"folk",1
"followers",1
"followingour",1
"folly",1
"fondly",1
"fondness",1
"fool",1
"foot",1
"footnote",1
"forcibly",1
"forefront",1
"foregrounds",1
"forenoon",1
"foresee",1
"foreseeing",1
"foretell",1
"foretelling",1
"forget",1
"forgive",1
"formulation",1
"forschungen",1
"forthat",1
"forthcoming",1
"fortunately",1
"fossilized",1
"foster",1
"founded",1
"fourteen",1
"fourteenyearold",1
"fourth",1
"fourthly",1
"fouryearold",1
"frame",1
"francis",1
"frankly",1
"fraught",1
"freed",1
"frees",1
"french",1
"friendly",1
"friendsfor",1
"frightened",1
"frontier",1
"frustrate",1
"frustrated",1
"fulfill",1
"fulfills",1
"functionalis",1
"functionto",1
"funeral",1
"fur",1
"furnishing",1
"furthermore",1
"fuses",1
"gaining",1
"gains",1
"galton",1
"game",1
"games",1
"garb",1
"gate",1
"gathering",1
"gathers",1
"gauged",1
"gbnewbypglaforg",1
"generalize",1
"geniessen",1
"genitalto",1
"genius",1
"gentle",1
"gentleman",1
"gently",1
"geographers",1
"gerne",1
"giant",1
"gigantic",1
"girlhood",1
"girls",1
"gist",1
"gladly",1
"glaring",1
"glasses",1
"gleamgloom",1
"glimpse",1
"gloomy",1
"goals",1
"gods",1
"gorget",1
"gourmet",1
"govern",1
"gracefully",1
"gradually",1
"grafen",1
"grandfather",1
"grasped",1
"grasping",1
"grateful",1
"gratefully",1
"gravitates",1
"greed",1
"greek",1
"green",1
"greengrocer",1
"greeted",1
"gregory",1
"grignards",1
"grollers",1
"groomed",1
"groped",1
"gross",1
"grouping",1
"grow",1
"growing",1
"grows",1
"grudged",1
"gruesome",1
"guarantees",1
"guests",1
"guided",1
"guiding",1
"guillotine",1
"guise",1
"gutenbergtms",1
"gymnasium",1
"haben",1
"hall",1
"halt",1
"halves",1
"hampered",1
"happier",1
"harassing",1
"harem",1
"harmony",1
"harrowed",1
"harveys",1
"hasnt",1
"hastened",1
"hasty",1
"haunted",1
"haunting",1
"havelock",1
"headache",1
"hearing",1
"hears",1
"heart",1
"heed",1
"helmet",1
"helmholtz",1
"helper",1
"helpin",1
"helping",1
"helplessly",1
"herded",1
"heredity",1
"heretofore",1
"hermann",1
"hesitate",1
"hesitation",1
"hidden",1
"hiding",1
"highest",1
"hindered",1
"hindrances",1
"hint",1
"hirschfeld",1
"historians",1
"historic",1
"historically",1
"histories",1
"hoc",1
"hollow",1
"homosexuality",1
"homosexually",1
"honest",1
"honestly",1
"hopeful",1
"hopes",1
"hoping",1
"horror",1
"horseback",1
"hostile",1
"hotel",1
"hotly",1
"houses",1
"hradschin",1
"httpgutenbergnetlicense",1
"httppglaforgdonate",1
"httppglaforgfundraising",1
"httpwwwpglaforg",1
"hubbub",1
"hugebed",1
"humanity",1
"humiliation",1
"hundreds",1
"hung",1
"hungry",1
"hurls",1
"hurt",1
"husbands",1
"hypermnesia",1
"hypertext",1
"hypnotic",1
"hypnotized",1
"hypocrisy",1
"hypotheses",1
"hysteriathe",1
"hysteric",1
"ice",1
"ich",1
"ideal",1
"ideally",1
"idiomatically",1
"ignition",1
"ignorant",1
"ignore",1
"illegitimate",1
"illogicality",1
"illusions",1
"illustrate",1
"illustrates",1
"illustrative",1
"imagebuilding",1
"imaginary",1
"imagine",1
"imitate",1
"imitations",1
"immaterial",1
"immemorial",1
"immoderate",1
"impair",1
"imparted",1
"imparting",1
"imparts",1
"impede",1
"impeded",1
"impedes",1
"impending",1
"imperatively",1
"imperfect",1
"impetus",1
"implement",1
"implicated",1
"import",1
"impotent",1
"impregnation",1
"impressed",1
"impressing",1
"impulsesa",1
"inability",1
"inacceptable",1
"inaccurate",1
"inadequate",1
"inadvisedly",1
"inattention",1
"incapacity",1
"incentive",1
"inception",1
"incest",1
"incidental",1
"inciter",1
"inclination",1
"inclinations",1
"inclusion",1
"incoherence",1
"incoming",1
"incompetency",1
"incompletely",1
"incongruence",1
"incongruous",1
"inconsistency",1
"inconstant",1
"inconveniences",1
"incorrectness",1
"increasing",1
"indefinite",1
"indemnify",1
"indemnity",1
"indemonstrable",1
"independence",1
"independently",1
"indestructibility",1
"indicating",1
"indication",1
"indications",1
"indignation",1
"indisputably",1
"indistinctly",1
"individualities",1
"induce",1
"inducement",1
"indulgence",1
"inefficacious",1
"inevitably",1
"inexhaustible",1
"inexorably",1
"inexpedient",1
"inexplicable",1
"infancy",1
"inferences",1
"inferiority",1
"inferred",1
"infinite",1
"inflicted",1
"informant",1
"infringement",1
"ing",1
"ingredient",1
"inherent",1
"inhibiting",1
"inhibitions",1
"inhibitionstand",1
"initial",1
"initiated",1
"inn",1
"innocentlooking",1
"innocently",1
"innocuous",1
"inoffensiveness",1
"inquired",1
"insanity",1
"inserted",1
"inserts",1
"insignificant",1
"insoluble",1
"inspection",1
"inspiring",1
"installing",1
"instanced",1
"instigating",1
"instigations",1
"instigator",1
"instigators",1
"instincts",1
"instruments",1
"insufficiency",1
"insulted",1
"insured",1
"insures",1
"intelligibilitya",1
"intend",1
"intensive",1
"intention",1
"intently",1
"interconnected",1
"interested",1
"interfered",1
"interference",1
"interlineation",1
"intermediary",1
"intermingled",1
"international",1
"interpreters",1
"interruption",1
"interrupts",1
"interval",1
"intervention",1
"intimacy",1
"intimately",1
"intolerable",1
"introduces",1
"introducing",1
"introductory",1
"introspection",1
"intrudes",1
"invading",1
"invalidity",1
"invariable",1
"invasion",1
"inversions",1
"investigating",1
"investigators",1
"investing",1
"invitation",1
"invited",1
"inwardly",1
"iodine",1
"irmas",1
"ironically",1
"irrecognizability",1
"irrecognizable",1
"irreconcilable",1
"irrefutable",1
"irregular",1
"irs",1
"italian",1
"itall",1
"jahrbuch",1
"jai",1
"jamais",1
"janitors",1
"jéprouvais",1
"jest",1
"jeter",1
"jointly",1
"joke",1
"jones",1
"jouissances",1
"joves",1
"joyful",1
"joyous",1
"judges",1
"judging",1
"judgments",1
"junctions",1
"jung",1
"jungs",1
"jurist",1
"justification",1
"justifies",1
"justify",1
"juvenile",1
"juxtaposition",1
"keen",1
"kempf",1
"kempfs",1
"keys",1
"kill",1
"kindness",1
"kiss",1
"knives",1
"knock",1
"knot",1
"knownthe",1
"kost",1
"kronos",1
"labor",1
"laboratory",1
"lacking",1
"ladd",1
"ladders",1
"landing",1
"lands",1
"languages",1
"languagestranslator",1
"lap",1
"largely",1
"lasted",1
"lastmentioned",1
"lateness",1
"latest",1
"latin",1
"laugh",1
"laughed",1
"laughingly",1
"laughter",1
"lavouer",1
"lawyerand",1
"laxity",1
"lays",1
"laziness",1
"lazy",1
"leader",1
"leaders",1
"learning",1
"leather",1
"leaves",1
"lectureroom",1
"leg",1
"legally",1
"legend",1
"legendary",1
"legends",1
"leisure",1
"lend",1
"lends",1
"lengthy",1
"lens",1
"lenses",1
"les",1
"lesser",1
"lesson",1
"lest",1
"letting",1
"leveled",1
"liable",1
"liaison",1
"liberate",1
"liberated",1
"liberations",1
"library",1
"licensed",1
"liébault",1
"lifedaydreams",1
"lifted",1
"lifts",1
"lightly",1
"likes",1
"liking",1
"limbs",1
"limitations",1
"lips",1
"liquor",1
"lischémie",1
"list",1
"listen",1
"literally",1
"littlewouldbebig",1
"live",1
"lived",1
"liveliest",1
"living",1
"loath",1
"loathed",1
"localize",1
"localized",1
"lock",1
"locked",1
"lockloch",1
"loins",1
"longed",1
"longhopedfor",1
"longue",1
"looking",1
"loosely",1
"lore",1
"lorrain",1
"lose",1
"loses",1
"lot",1
"loud",1
"loudly",1
"lover",1
"lovers",1
"loves",1
"lovesickness",1
"low",1
"lowered",1
"lowering",1
"lucid",1
"luckily",1
"ludicrous",1
"lune",1
"lurking",1
"lutte",1
"machines",1
"mad",1
"madison",1
"madman",1
"madness",1
"magnum",1
"mainspring",1
"maintainedas",1
"maintains",1
"mais",1
"majesty",1
"makeup",1
"malocchio",1
"maltreat",1
"mamma",1
"management",1
"manages",1
"manifestly",1
"manifests",1
"manifesttheir",1
"manifoldness",1
"mankind",1
"mannerisms",1
"manners",1
"mannerwith",1
"manual",1
"mapped",1
"maps",1
"march",1
"mark",1
"market",1
"marketing",1
"marvelous",1
"marvels",1
"mask",1
"masochists",1
"mass",1
"masses",1
"master",1
"mastered",1
"masters",1
"masturbated",1
"materially",1
"materials",1
"maternal",1
"mattered",1
"maurys",1
"maximum",1
"meadow",1
"meager",1
"meals",1
"meaningcan",1
"meaningful",1
"meaningstaste",1
"measure",1
"mechanismthat",1
"mediæval",1
"meditating",1
"meets",1
"melan",1
"melusine",1
"menaced",1
"ménervait",1
"mens",1
"mensa",1
"mentally",1
"menu",1
"merchantibility",1
"mere",1
"merges",1
"merits",1
"metaphorically",1
"metaphors",1
"middleaged",1
"midst",1
"mighty",1
"milder",1
"mill",1
"miller",1
"minerva",1
"minimize",1
"minority",1
"mirroring",1
"misapplication",1
"mischievous",1
"misconception",1
"misconceptions",1
"misery",1
"missed",1
"mississippi",1
"mistakes",1
"misunderstanding",1
"mixture",1
"mixtures",1
"mobility",1
"möchte",1
"modalities",1
"models",1
"moderate",1
"modest",1
"modestly",1
"modifications",1
"modifying",1
"molds",1
"molten",1
"moments",1
"monograph",1
"monotonous",1
"mons",1
"monthly",1
"mortification",1
"moscheles",1
"moses",1
"motheri",1
"motif",1
"mount",1
"mouth",1
"move",1
"movebo",1
"movements",1
"mowing",1
"multitude",1
"munich",1
"murder",1
"music",1
"mutilated",1
"mutilating",1
"mutual",1
"myth",1
"mythological",1
"myths",1
"näcke",1
"nailfile",1
"naked",1
"named",1
"names",1
"napoleon",1
"narrowest",1
"nasty",1
"nation",1
"native",1
"natural",1
"naughty",1
"neat",1
"necessitated",1
"necessitates",1
"negative",1
"neglect",1
"neglecting",1
"neighborhood",1
"neighboring",1
"neighbors",1
"neologisms",1
"nequeo",1
"network",1
"neuron",1
"neuropathology",1
"neuropsychology",1
"neurosissay",1
"neurotics",1
"neutralized",1
"neverfailing",1
"newby",1
"newly",1
"newsletter",1
"nicely",1
"nightgowns",1
"nightly",1
"nighttime",1
"nightwatchman",1
"nineteen",1
"ninth",1
"nobleman",1
"noises",1
"non",1
"nonconcealed",1
"nonfulfillment",1
"noninterference",1
"nonproprietary",1
"nonrepressed",1
"nonsensical",1
"normality",1
"north",1
"nosais",1
"noticing",1
"notifies",1
"noting",1
"notion",1
"notoriously",1
"november",1
"numbers",1
"nurse",1
"nurses",1
"obesity",1
"objected",1
"obligé",1
"obliges",1
"obliquely",1
"oblivion",1
"oblivionie",1
"obscurest",1
"observance",1
"observer",1
"obsessing",1
"obsolete",1
"obstructed",1
"obtrude",1
"obtrudes",1
"obtruding",1
"occasioned",1
"occhiale",1
"occupations",1
"odd",1
"odor",1
"odyssey",1
"offense",1
"offhand",1
"officers",1
"officersthat",1
"offspring",1
"oft",1
"ohne",1
"oldest",1
"onanistic",1
"onethe",1
"openhearted",1
"opening",1
"operate",1
"opinâtre",1
"opinions",1
"opiniontranslator",1
"opportunities",1
"opposed",1
"opposing",1
"opposites",1
"oppressed",1
"opus",1
"ordered",1
"orders",1
"ordinary",1
"organized",1
"orgasm",1
"orientals",1
"originality",1
"originator",1
"origins",1
"ornament",1
"orphan",1
"osiris",1
"ostrich",1
"othercontains",1
"otherpossibly",1
"ourself",1
"outdated",1
"outlay",1
"outward",1
"overdetermination",1
"overdetermined",1
"overestimate",1
"overestimated",1
"overestimation",1
"overflow",1
"overgrown",1
"overlap",1
"overlook",1
"overlooking",1
"overlying",1
"overpowered",1
"oversleep",1
"overvaluation",1
"overworking",1
"ovum",1
"owe",1
"owes",1
"pages",1
"pains",1
"painstaking",1
"painted",1
"painters",1
"painting",1
"panting",1
"pantomime",1
"pap",1
"papers",1
"paperwork",1
"par",1
"paradox",1
"parallelogram",1
"pardon",1
"parental",1
"parentheses",1
"paris",1
"parnassum",1
"parnassus",1
"partake",1
"parthians",1
"partial",1
"partially",1
"participates",1
"particulier",1
"parties",1
"pas",1
"passionate",1
"passionless",1
"patientnature",1
"pause",1
"paved",1
"peaceably",1
"pediatrists",1
"pellucid",1
"pen",1
"penetrated",1
"pensé",1
"perceptive",1
"perceptually",1
"perchance",1
"perfected",1
"performance",1
"perineal",1
"periodic",1
"periodicity",1
"periphery",1
"permanent",1
"permitting",1
"perpetual",1
"persisted",1
"persistent",1
"personalities",1
"personally",1
"persuasion",1
"pertains",1
"perversions",1
"pglaf",1
"phallic",1
"phenylmagnesiumbromid",1
"philip",1
"philippsons",1
"philologists",1
"philosopher",1
"philosophic",1
"photographs",1
"physiological",1
"physiologist",1
"pianoplaying",1
"picotements",1
"pictured",1
"pikes",1
"pitiable",1
"pity",1
"placate",1
"placecan",1
"placing",1
"plague",1
"plane",1
"plant",1
"plasticity",1
"plato",1
"pleasanter",1
"pleases",1
"pleasing",1
"pleasurable",1
"pleasures",1
"plumes",1
"plus",1
"plusieurs",1
"pocketbook",1
"poem",1
"poetical",1
"polar",1
"police",1
"poliomyelitis",1
"political",1
"pondered",1
"ponderous",1
"poorlyconcealed",1
"popo",1
"port",1
"portrait",1
"positions",1
"possibilities",1
"posthypnotic",1
"postpone",1
"posture",1
"pouches",1
"poultice",1
"poured",1
"poursuivies",1
"powerfully",1
"practicable",1
"practiced",1
"practicing",1
"practise",1
"practitioners",1
"pragmatic",1
"prague",1
"praising",1
"prater",1
"precaution",1
"precisely",1
"precluded",1
"preconceived",1
"predicted",1
"predisposed",1
"predisposing",1
"preferably",1
"preferentially",1
"prefers",1
"premeditation",1
"preponderately",1
"preponderatingly",1
"prescientific",1
"prescribed",1
"presentationscompromises",1
"presentday",1
"presently",1
"pressed",1
"pressing",1
"presupposes",1
"pretense",1
"prevalent",1
"pride",1
"prime",1
"primus",1
"prince",1
"princess",1
"private",1
"privilege",1
"probability",1
"processesas",1
"processing",1
"processwith",1
"procure",1
"producing",1
"productive",1
"prof",1
"professional",1
"professors",1
"proffered",1
"proffering",1
"profits",1
"profounder",1
"profoundest",1
"profoundhe",1
"profoundly",1
"profundity",1
"profusion",1
"progressively",1
"prohibited",1
"prohibition",1
"prohibitive",1
"prolonged",1
"prolonging",1
"prominence",1
"promotion",1
"prompted",1
"promptly",1
"proofread",1
"proposal",1
"proprietary",1
"prostitute",1
"prostitution",1
"protected",1
"protestations",1
"prototype",1
"proudly",1
"proverb",1
"proverbial",1
"proves",1
"provision",1
"provisionally",1
"provisions",1
"provoqué",1
"psisystem",1
"psychiatric",1
"psychiatrist",1
"psychiatry",1
"psychically",1
"psychicoccurs",1
"psychoanalytical",1
"psychoanalytische",1
"psychopathologische",1
"psychopathology",1
"psychophysiological",1
"psychosexual",1
"psychosis",1
"psystems",1
"pubis",1
"publication",1
"publish",1
"publishers",1
"publishing",1
"pudendum",1
"pull",1
"pulling",1
"punish",1
"punishments",1
"pupils",1
"puritanical",1
"purposeful",1
"purposely",1
"purse",1
"pursued",1
"pursuing",1
"putnam",1
"putting",1
"puzzling",1
"qualificationin",1
"qualitatively",1
"quelling",1
"questionable",1
"questioner",1
"questions",1
"quickest",1
"quiet",1
"quiver",1
"raisedto",1
"raising",1
"rakedup",1
"ramifications",1
"random",1
"range",1
"rapidly",1
"rapidlyso",1
"rare",1
"rarer",1
"rationally",1
"rations",1
"rattachons",1
"react",1
"reacted",1
"readilyalthough",1
"realizes",1
"realm",1
"reappear",1
"rearranging",1
"reasonable",1
"reasoning",1
"reassert",1
"reawakened",1
"rebuke",1
"recasting",1
"receding",1
"receiving",1
"recognizing",1
"recollections",1
"recommended",1
"reconstruct",1
"recorded",1
"recourir",1
"recovered",1
"recurred",1
"recurrence",1
"redistribute",1
"redress",1
"reduced",1
"reducing",1
"reestablishes",1
"refashionings",1
"refashions",1
"reflected",1
"reflecting",1
"refraction",1
"refrain",1
"refrained",1
"refuge",1
"refute",1
"regaining",1
"regia",1
"registering",1
"regrets",1
"regretted",1
"regularity",1
"regulate",1
"regulates",1
"reinforcements",1
"relating",1
"relationships",1
"relationshipsthat",1
"relatively",1
"released",1
"relegated",1
"religion",1
"religious",1
"relying",1
"remarking",1
"remarrying",1
"remedies",1
"remind",1
"reminders",1
"reminding",1
"renamed",1
"renew",1
"renewed",1
"renounce",1
"renting",1
"repeating",1
"repelling",1
"repetitions",1
"replied",1
"replies",1
"report",1
"reposes",1
"repressionthat",1
"repressionthis",1
"reproach",1
"reproduces",1
"reproductions",1
"repudiate",1
"repudiated",1
"repugnance",1
"repugnant",1
"repulsive",1
"reputed",1
"requiting",1
"reservations",1
"reserve",1
"residence",1
"resign",1
"resist",1
"resisting",1
"resolve",1
"respecting",1
"respond",1
"responding",1
"responsibility",1
"responsive",1
"restand",1
"resting",1
"restitution",1
"restless",1
"restrain",1
"restraining",1
"restricts",1
"resultant",1
"resulted",1
"resumes",1
"retaining",1
"retains",1
"retardation",1
"retarded",1
"retinue",1
"retort",1
"retracting",1
"returns",1
"rêve",1
"réveil",1
"revenue",1
"reverie",1
"reversal",1
"reverse",1
"reversing",1
"review",1
"reviewer",1
"reviewing",1
"revise",1
"revision",1
"revoke",1
"revolutionising",1
"rewakened",1
"reword",1
"rhyme",1
"rhythm",1
"rhythmical",1
"rich",1
"rides",1
"righted",1
"righteousness",1
"rights",1
"rigid",1
"riots",1
"risking",1
"roads",1
"roam",1
"rob",1
"robert",1
"robs",1
"rolled",1
"romance",1
"rooms",1
"rough",1
"roundabout",1
"rounding",1
"row",1
"royal",1
"rub",1
"rubbing",1
"ruined",1
"ruinous",1
"ruled",1
"runs",1
"sacklike",1
"saddle",1
"safe",1
"safely",1
"safetyvalve",1
"saga",1
"sale",1
"sally",1
"salt",1
"sanatorium",1
"sandwich",1
"sandwiches",1
"sane",1
"sarcastic",1
"sat",1
"satirically",1
"satisfaction",1
"satisfactory",1
"saved",1
"saving",1
"saws",1
"sayings",1
"scale",1
"scandalously",1
"schematic",1
"schiller",1
"schottenthor",1
"schubert",1
"schwinds",1
"science",1
"scornful",1
"scraping",1
"scream",1
"screaming",1
"screen",1
"sculptures",1
"seafoam",1
"seal",1
"searchlight",1
"seashore",1
"seats",1
"secretly",1
"sections",1
"secures",1
"security",1
"sedatives",1
"seed",1
"seeing",1
"seeking",1
"seeks",1
"selective",1
"selects",1
"self",1
"selfabuse",1
"selfcoherent",1
"selfdeception",1
"selfpunishment",1
"selfreproaches",1
"sell",1
"semen",1
"semisleeping",1
"semmering",1
"senseerotic",1
"sensestimuli",1
"sensestimulus",1
"sensibly",1
"separating",1
"sequel",1
"sequence",1
"sérieuse",1
"servant",1
"serviceable",1
"sets",1
"setting",1
"settle",1
"settled",1
"settles",1
"seventh",1
"severe",1
"severely",1
"severest",1
"sexualwissenschaft",1
"shades",1
"shafts",1
"sharing",1
"sharp",1
"sharpest",1
"sharply",1
"shawl",1
"sheeps",1
"shifting",1
"shipwreck",1
"shocked",1
"shops",1
"shorter",1
"shortest",1
"shoulders",1
"shouldnt",1
"shouted",1
"shrinking",1
"shrug",1
"sick",1
"sideways",1
"sidis",1
"sift",1
"signal",1
"signature",1
"signboard",1
"signification",1
"signified",1
"signifying",1
"signpost",1
"silencing",1
"silliest",1
"similarity",1
"simplest",1
"simplified",1
"simulates",1
"simultaneous",1
"simultaneousness",1
"sin",1
"sinks",1
"sisterinlaw",1
"situated",1
"situations",1
"six",1
"size",1
"sketch",1
"skim",1
"skin",1
"slang",1
"slanting",1
"slants",1
"slid",1
"slide",1
"sliding",1
"slightest",1
"slip",1
"slipped",1
"slow",1
"smallest",1
"smallness",1
"smutty",1
"sneer",1
"snoring",1
"sober",1
"social",1
"softly",1
"soil",1
"sold",1
"solicitation",1
"solicitous",1
"solid",1
"solve",1
"somaticreasons",1
"sometimes",1
"sommeil",1
"son",1
"sonata",1
"song",1
"soonest",1
"sorrow",1
"sorts",1
"souptureen",1
"sourcesfirst",1
"spared",1
"sparrowhawks",1
"spatiality",1
"specialist",1
"specially",1
"species",1
"specific",1
"specifically",1
"spectacle",1
"speculations",1
"spend",1
"spin",1
"splittings",1
"spoil",1
"spontaneously",1
"sprache",1
"sprung",1
"spurned",1
"spy",1
"staff",1
"staircases",1
"stairdream",1
"stairways",1
"stairwayto",1
"stalk",1
"standing",1
"started",1
"statementon",1
"stating",1
"station",1
"statistician",1
"statue",1
"stay",1
"staying",1
"steadall",1
"steer",1
"stekels",1
"stenography",1
"stepped",1
"stepto",1
"sticks",1
"stiff",1
"stimulant",1
"stimulate",1
"stimulated",1
"stimulation",1
"stinging",1
"stipulations",1
"stir",1
"stirred",1
"stocked",1
"stockings",1
"stones",1
"stopped",1
"stouter",1
"stoves",1
"strangeness",1
"straw",1
"strawberries",1
"strengthened",1
"stretch",1
"stretchingup",1
"stringent",1
"stronger",1
"strove",1
"struggles",1
"stuck",1
"students",1
"studying",1
"stupid",1
"subconscious",1
"subdivided",1
"subdivision",1
"subdue",1
"subjection",1
"subjective",1
"subjectmatter",1
"subjectnever",1
"subjugate",1
"submit",1
"submitted",1
"subscribe",1
"subservient",1
"subsides",1
"substantial",1
"substituted",1
"substituting",1
"subsumed",1
"subterranean",1
"subtilization",1
"subtract",1
"successto",1
"succumb",1
"succumbed",1
"suffers",1
"suffices",1
"sufficeuntil",1
"suggested",1
"suitor",1
"suitors",1
"suits",1
"suitshe",1
"sulphur",1
"summary",1
"sunday",1
"superabundant",1
"superconscious",1
"superelaboration",1
"superficially",1
"superintendent",1
"superos",1
"superstition",1
"superstitious",1
"superstructure",1
"supported",1
"supports",1
"supposes",1
"suppresseda",1
"suppressing",1
"surexcitations",1
"surmise",1
"surroundings",1
"survey",1
"survive",1
"survived",1
"surviving",1
"suspectthe",1
"suspend",1
"suspended",1
"suspiciouslooking",1
"sustain",1
"swamp",1
"swaying",1
"swimmingmaster",1
"symboling",1
"symbolisms",1
"symbolized",1
"symbolsindeed",1
"symptomthe",1
"synonymous",1
"syntheses",1
"syphilitic",1
"systemwhich",1
"tablecloth",1
"tablehis",1
"tacit",1
"talking",1
"tant",1
"tarried",1
"tartinis",1
"tasks",1
"tastes",1
"taught",1
"tawberry",1
"taxes",1
"teach",1
"teaching",1
"tease",1
"technical",1
"temper",1
"temporarily",1
"temporary",1
"tender",1
"tenderness",1
"tense",1
"tentatively",1
"terminating",1
"terminology",1
"terrible",1
"terrifying",1
"terrors",1
"terrorstricken",1
"tertium",1
"tested",1
"testicles",1
"testimony",1
"thanin",1
"thankful",1
"thats",1
"thatthat",1
"themes",1
"theoretic",1
"theoretically",1
"therapy",1
"thereafter",1
"therefrom",1
"thereto",1
"thereupon",1
"therewith",1
"thesethe",1
"thick",1
"thickets",1
"thighs",1
"thirteen",1
"thirteenyearold",1
"thisthis",1
"thorus",1
"thoughtmaking",1
"thoughtsthose",1
"thousand",1
"thrashing",1
"threefold",1
"thrive",1
"throat",1
"throttled",1
"throws",1
"thrust",1
"tic",1
"tickling",1
"tied",1
"tireless",1
"titans",1
"title",1
"tobacco",1
"todays",1
"tolerable",1
"tomboy",1
"topical",1
"topographical",1
"tormented",1
"torments",1
"town",1
"tracks",1
"trademarkcopyright",1
"trained",1
"training",1
"trait",1
"tramps",1
"transcends",1
"transcribe",1
"transcription",1
"transferability",1
"transferences",1
"transform",1
"transforms",1
"transitionand",1
"translating",1
"translation",1
"translations",1
"transpired",1
"trap",1
"traumdeutung",1
"traumes",1
"travels",1
"traverse",1
"treats",1
"treetrunks",1
"tremble",1
"trifling",1
"trimethylamine",1
"triumvir",1
"trivialities",1
"triviality",1
"troop",1
"troubled",1
"troubles",1
"truest",1
"trumbull",1
"trust",1
"trusted",1
"tunnel",1
"tutors",1
"twelve",1
"twentyseven",1
"twentytwo",1
"twitching",1
"txt",1
"tyrolese",1
"uhland",1
"umbrellas",1
"unacquainted",1
"unadmitted",1
"unaffected",1
"unambiguous",1
"unbiassed",1
"unbidden",1
"uncommon",1
"unconscioushence",1
"unconsciously",1
"unconsciousthat",1
"unconsidered",1
"uncontestable",1
"uncontested",1
"uncor",1
"uncritical",1
"und",1
"undergoes",1
"undergoing",1
"underrate",1
"understandable",1
"understands",1
"undeserving",1
"undesirable",1
"undesired",1
"undisguised",1
"undisguisedly",1
"undo",1
"undressed",1
"undressing",1
"unenforceability",1
"unequal",1
"unessentials",1
"unexpectedly",1
"unexplored",1
"unfairly",1
"unfilial",1
"unfit",1
"unfitness",1
"unfolding",1
"unformulated",1
"unfortunate",1
"unhappily",1
"unheard",1
"uniform",1
"unimportance",1
"unincumbered",1
"uninhibited",1
"uninitiated",1
"uninteresting",1
"union",1
"unites",1
"uniting",1
"universality",1
"universities",1
"university",1
"unjustified",1
"unlike",1
"unlink",1
"unmasked",1
"unmerited",1
"unmixed",1
"unobserved",1
"unpleasantness",1
"unpracticed",1
"unqualified",1
"unrecognizable",1
"unrepressed",1
"unrequested",1
"unsatisfactory",1
"unseemly",1
"unselfish",1
"unsettled",1
"unsolicited",1
"unsparing",1
"unsubdued",1
"unsuspected",1
"untranslatable",1
"untroubled",1
"unveiling",1
"unwarrantable",1
"unwished",1
"unyielding",1
"updated",1
"upholds",1
"upholstered",1
"upholstering",1
"upright",1
"upset",1
"uptodate",1
"upward",1
"urges",1
"urging",1
"urworte",1
"urworter",1
"usa",1
"usage",1
"uses",1
"usis",1
"uterine",1
"utter",1
"utterance",1
"utterings",1
"utterly",1
"utters",1
"vagrants",1
"vague",1
"valuable",1
"valuation",1
"valve",1
"vanishes",1
"vanquished",1
"vary",1
"varying",1
"vegetable",1
"vehemently",1
"veneris",1
"vengeance",1
"venice",1
"venture",1
"ventured",1
"venturing",1
"verbs",1
"versed",1
"version",1
"vertebral",1
"vexed",1
"via",1
"victorious",1
"victoriously",1
"viewed",1
"viewpoints",1
"vigilance",1
"vindicate",1
"violates",1
"virile",1
"virtual",1
"virtues",1
"virtuous",1
"virus",1
"visible",1
"vision",1
"visiting",1
"visualize",1
"vivid",1
"vividness",1
"voice",1
"vol",1
"volkelt",1
"volunteer",1
"wading",1
"waist",1
"waited",1
"wakefulness",1
"waken",1
"wakes",1
"walks",1
"wanted",1
"warchariot",1
"warning",1
"warranted",1
"warrants",1
"washed",1
"washington",1
"watchman",1
"waterdream",1
"waterfall",1
"waters",1
"wavering",1
"weakening",1
"weakling",1
"wealth",1
"wear",1
"wearing",1
"week",1
"weibsbilder",1
"weightshould",1
"welcome",1
"wellgrounded",1
"welljustified",1
"wellmade",1
"wellrounded",1
"welsbach",1
"wereare",1
"west",1
"whereupon",1
"whimpering",1
"wholesale",1
"whosoever",1
"wicked",1
"wide",1
"widespread",1
"wield",1
"wild",1
"willingly",1
"win",1
"wineadulterers",1
"wintering",1
"wiser",1
"wishedfor",1
"wishfulfilment",1
"withdrawal",1
"withdrew",1
"withers",1
"witticisms",1
"womanpictures",1
"wonder",1
"wondered",1
"wonderingly",1
"wood",1
"wooded",1
"wooers",1
"woof",1
"worldlywise",1
"worriment",1
"worthy",1
"wreaks",1
"wrestling",1
"write",1
"writers",1
"writings",1
"wrongdoing",1
"youth",1
"zeitschrift",1
"zip",1
"zones",1
"zurich",1
